,Global Index (USD),Global Index (EUR),Painting,Sculpture,Photography,Drawing,Print,19th Century,Modern Art,Post-War,Contemporary,USA (USD),UK (GBP),France (EUR)
1/1/1998,100,100,100,100,100,100,100,100,100,100,100,105,100,100
4/1/1998,107,110,109,139,96,104,114,110,98,114,101,104,98,107
7/1/1998,106,106,107,133,94,106,127,118,97,112,109,100,95,105
10/1/1998,96,96,103,128,85,109,123,122,94,102,114,102,97,100
1/1/1999,104,100,107,132,84,108,109,119,87,108,112,104,100,100
4/1/1999,103,104,114,134,85,103,109,113,81,122,106,104,101,105
7/1/1999,104,112,115,134,85,102,123,112,81,130,101,107,104,110
10/1/1999,104,113,115,140,92,103,130,111,87,135,109,112,109,115
1/1/2000,113,123,117,140,126,109,123,109,99,140,132,115,113,123
4/1/2000,116,133,118,137,156,114,123,106,109,141,145,114,117,131
7/1/2000,112,135,119,136,140,114,134,108,113,141,152,112,119,136
10/1/2000,115,141,117,134,118,113,139,111,114,142,159,112,122,138
1/1/2001,104,137,111,140,129,114,136,110,109,142,146,114,124,141
4/1/2001,122,147,111,147,148,113,141,116,106,146,126,111,121,142
7/1/2001,107,137,112,136,135,110,134,120,105,146,117,107,118,139
10/1/2001,107,135,111,126,119,110,120,110,106,141,108,108,119,135
1/1/2002,107,133,114,128,121,110,127,103,106,141,113,110,121,136
4/1/2002,110,141,117,132,124,109,141,103,101,151,134,111,119,137
7/1/2002,110,132,120,133,130,105,139,106,97,155,147,115,119,133
10/1/2002,112,127,123,136,137,113,130,109,103,156,152,126,128,132
1/1/2003,127,142,132,143,152,134,134,111,119,179,152,137,136,139
4/1/2003,140,146,141,154,164,149,150,123,132,195,163,136,133,143
7/1/2003,140,137,137,163,155,142,164,130,126,182,169,132,127,136
10/1/2003,122,122,138,167,143,123,159,124,117,175,153,140,130,129
1/1/2004,142,135,154,171,143,130,155,119,121,192,171,151,134,133
4/1/2004,155,140,168,173,165,153,168,120,130,211,203,154,136,139
7/1/2004,154,142,170,172,189,161,170,139,129,214,221,157,137,142
10/1/2004,155,142,172,172,191,166,170,155,126,218,236,167,143,142
1/1/2005,163,140,182,181,193,174,193,147,145,234,232,178,151,145
4/1/2005,187,159,191,191,196,179,216,138,167,246,230,175,151,154
7/1/2005,176,156,187,182,186,174,218,127,166,248,228,169,150,154
10/1/2005,160,146,181,173,187,170,207,121,161,258,226,175,158,155
1/1/2006,181,171,183,176,209,186,205,129,170,259,256,182,163,163
4/1/2006,178,165,193,182,220,202,209,139,181,261,288,183,160,168
7/1/2006,194,172,197,190,207,198,205,147,171,285,271,181,153,164
10/1/2006,167,147,199,192,197,186,209,151,158,311,249,196,163,159
1/1/2007,196,169,218,208,216,190,230,167,177,334,274,221,179,170
4/1/2007,227,194,241,237,247,203,259,192,204,361,308,223,179,188
7/1/2007,233,194,249,250,249,185,302,185,205,391,304,218,171,186
10/1/2007,199,162,249,251,244,167,345,176,204,398,284,226,178,175
1/1/2008,240,185,257,260,249,181,359,169,211,411,290,234,186,175
4/1/2008,227,169,266,268,252,193,336,152,212,436,295,226,183,174
7/1/2008,240,172,256,260,246,186,291,153,198,418,290,201,174,164
10/1/2008,196,145,230,234,210,166,245,149,167,359,269,172,169,153
1/1/2009,175,149,207,195,190,135,220,132,146,309,237,160,169,142
4/1/2009,145,124,199,182,194,114,200,129,142,298,228,160,164,135
7/1/2009,175,142,196,189,184,112,191,133,140,293,236,163,160,130
10/1/2009,145,113,193,192,177,125,207,130,139,281,248,176,173,128
1/1/2010,190,144,203,199,198,152,220,122,153,301,269,180,185,137
4/1/2010,179,146,209,197,214,171,220,119,163,322,284,169,178,147
7/1/2010,173,154,196,185,187,169,214,134,158,300,250,171,176,146
10/1/2010,151,131,188,187,168,183,207,147,161,291,214,188,190,147
1/1/2011,207,172,201,205,197,210,216,136,173,336,238,206,205,157
4/1/2011,187,153,213,221,231,239,234,130,192,375,271,221,218,167
7/1/2011,243,190,208,221,229,280,232,140,223,360,288,218,217,175
10/1/2011,212,169,198,219,210,278,218,146,230,338,296,188,190,174
1/1/2012,204,169,190,215,197,221,209,130,195,332,293,164,166,155
4/1/2012,131,113,184,207,187,179,207,109,159,332,291,166,167,140
7/1/2012,190,167,176,199,179,186,214,111,145,326,284,174,174,146
10/1/2012,154,136,170,191,183,206,220,119,145,329,268,185,186,153
1/1/2013,200,173,170,192,193,226,223,113,159,349,258,194,198,161
4/1/2013,188,160,173,197,193,239,220,110,177,344,258,195,200,167
7/1/2013,201,173,174,186,193,240,218,115,185,313,251,194,196,167
10/1/2013,190,160,173,174,195,240,216,122,180,293,250,188,185,163
1/1/2014,194,159,175,186,195,228,230,124,174,310,258,188,181,155
4/1/2014,176,144,178,198,200,225,252,119,186,350,256,203,193,154
7/1/2014,207,169,178,195,208,249,257,108,204,361,263,221,213,167
10/1/2014,221,187,175,184,210,281,257,99,211,351,267,217,217,188
1/1/2015,233,210,168,174,206,297,248,102,205,352,237,191,197,197
4/1/2015,181,179,159,171,206,276,227,98,182,356,200,168,174,185
7/1/2015,170,172,155,168,195,231,216,84,155,354,184,159,164,169
10/1/2015,152,153,153,161,185,207,211,78,144,349,177,157,166,161
1/1/2016,163,168,149,154,190,206,214,82,149,345,180,153,168,160
4/1/2016,149,151,146,152,189,197,218,87,148,336,200,147,167,155
7/1/2016,152,151,141,152,187,179,218,88,134,323,225,148,177,147
10/1/2016,134,133,134,151,184,190,218,81,134,314,234,152,191,149
1/1/2017,170,177,134,147,166,213,216,75,146,300,233,148,187,157
4/1/2017,133,140,136,146,163,199,216,76,147,288,239,145,179,153
7/1/2017,155,156,134,151,181,184,216,77,142,291,237,148,179,146
10/1/2017,136,129,132,155,195,193,214,78,145,302,228,150,177,143
1/1/2018,164,156,133,155,201,199,220,76,145,307,246,147,171,141
4/1/2018,136,123,136,153,193,186,230,68,128,307,272,141,165,137
7/1/2018,152,144,133,148,166,176,232,64,114,295,272,135,163,132
10/1/2018,122,117,126,143,147,171,230,60,114,283,259,132,163,129
1/1/2019,142,140,126,140,155,164,220,60,118,286,248,132,162,130
4/1/2019,124,123,126,143,162,157,214,63,118,293,238,128,159,131
7/1/2019,137,137,121,144,159,150,214,62,111,282,235,125,157,128
10/1/2019,113,114,116,143,160,147,216,66,106,266,233,126,157,126
1/1/2020,137,138,116,143,163,150,218,70,113,270,237,124,155,128
4/1/2020,118,119,117,144,161,138,216,68,115,277,241,126,160,126
7/1/2020,124,126,120,152,165,134,225,64,118,277,267,120,145,126